{
  "credit": "GreatCow",
  "parent": "builtin/entity",
  "texture_size": [
    128,
    128
  ],
  "display": {
    "thirdperson_righthand": {
      "rotation": [
        75,
        45,
        0
      ],
      "translation": [
        0,
        2.5,
        0
      ],
      "scale": [
        0.09999999999999999,
        0.1,
        0.09999999999999999
      ]
    },
    "thirdperson_lefthand": {
      "rotation": [
        75,
        45,
        0
      ],
      "translation": [
        0,
        2.5,
        0
      ],
      "scale": [
        0.09999999999999999,
        0.1,
        0.09999999999999999
      ]
    },
    "firstperson_righthand": {
      "rotation": [
        0,
        45,
        0
      ],
      "scale": [
        0.12000000000000001,
        0.12000000000000001,
        0.12000000000000001
      ]
    },
    "firstperson_lefthand": {
      "rotation": [
        0,
        45,
        0
      ],
      "scale": [
        0.12000000000000001,
        0.12000000000000001,
        0.12000000000000001
      ]
    },
    "ground": {
      "translation": [
        0,
        3,
        0
      ],
      "scale": [
        0.15,
        0.15,
        0.15
      ]
    },
    "gui": {
      "rotation": [
        30,
        225,
        0
      ],
      "translation": [
        0,
        -4,
        0
      ],
      "scale": [
        0.19,
        0.19,
        0.19
      ]
    },
    "head": {
      "scale": [
        0.3,
        0.3,
        0.3
      ]
    },
    "fixed": {
      "rotation": [
        -90,
        0,
        0
      ],
      "scale": [
        0.5,
        0.5,
        0.5
      ]
    }
  }
}